Battery_ID,Chemistry,Cycle,Voltage_V,Current_A,Temperature_C,SOC_percent,Charge_Rate_C,Discharge_Rate_C,Capacity_Ah,Internal_Resistance_Ohm,SOH_percent,RUL_Cycles,Risk,Recommended_Application
BX0001,NMC,25,3.731,2.418,27.05,26.86,1.0,1.0,3.8801,0.07491,97.04,2483,LOW,EV USE
BX0001,NMC,47,3.712,1.303,22.58,50.85,2.0,2.0,3.8795,0.08022,97.13,2477,LOW,EV USE
BX0001,NMC,70,3.757,2.236,29.25,57.68,0.5,0.5,3.8496,0.07896,96.88,2425,LOW,EV USE
BX0001,NMC,92,3.755,1.935,31.65,25.13,1.0,1.0,3.8678,0.07939,96.78,2378,LOW,EV USE
BX0001,NMC,115,3.713,3.273,31.83,47.8,1.0,2.0,3.8683,0.08082,96.69,2440,LOW,EV USE
BX0001,NMC,137,3.785,1.506,25.49,83.79,0.5,2.5,3.8637,0.07758,96.68,2314,LOW,EV USE
BX0001,NMC,160,3.67,1.511,28.73,21.15,2.0,2.5,3.8835,0.083,96.82,2392,LOW,EV USE
BX0001,NMC,183,3.739,2.611,30.6,24.93,1.5,1.5,3.886,0.08087,96.74,2384,LOW,EV USE
BX0001,NMC,205,3.729,1.977,27.11,41.09,0.5,1.5,3.8107,0.08771,95.02,2321,LOW,EV USE
BX0001,NMC,228,3.686,0.727,28.11,39.54,2.0,1.5,3.8794,0.0818,96.74,2277,LOW,EV USE
BX0001,NMC,250,3.704,2.408,27.69,37.59,1.5,0.5,3.8145,0.08762,95.47,2245,LOW,EV USE
BX0001,NMC,273,3.656,1.078,24.78,28.97,1.0,0.5,3.8579,0.07972,96.49,2284,LOW,EV USE
BX0001,NMC,296,3.71,3.493,31.8,27.29,2.0,0.5,3.7914,0.09017,95.03,2214,LOW,EV USE
BX0001,NMC,318,3.746,2.237,31.27,60.89,0.5,2.5,3.847,0.07812,95.86,2171,LOW,EV USE
BX0001,NMC,341,3.832,1.394,27.19,84.33,1.5,1.0,3.8419,0.08301,95.63,2203,LOW,EV USE
BX0001,NMC,363,3.733,1.599,28.43,72.35,1.5,1.0,3.7645,0.0883,94.09,2139,LOW,EV USE
BX0001,NMC,386,3.76,1.15,29.66,58.96,0.5,0.5,3.7827,0.08838,94.94,2154,LOW,EV USE
BX0001,NMC,409,3.729,0.901,29.16,21.98,1.5,0.5,3.7868,0.08937,94.93,2134,LOW,EV USE
BX0001,NMC,431,3.704,2.608,31.51,33.61,2.0,1.5,3.7537,0.09315,94.21,2043,LOW,EV USE
BX0001,NMC,454,3.73,1.156,25.19,37.01,1.0,1.5,3.7936,0.08968,94.27,2071,LOW,EV USE
BX0001,NMC,476,3.868,1.114,29.49,86.73,2.0,0.5,3.7021,0.09918,92.81,2036,LOW,EV USE
BX0001,NMC,499,3.851,1.425,28.41,94.1,2.0,0.5,3.7027,0.09721,92.64,2068,LOW,EV USE
BX0001,NMC,522,3.784,1.555,25.63,55.28,1.5,1.0,3.7186,0.09312,93.11,1979,LOW,EV USE
BX0001,NMC,544,3.712,2.578,29.89,72.85,1.5,1.0,3.7063,0.09594,93.0,1936,LOW,EV USE
BX0001,NMC,567,3.793,2.875,30.94,56.63,2.0,2.0,3.7178,0.0956,92.87,1981,LOW,EV USE
BX0001,NMC,589,3.728,3.444,32.43,27.87,0.5,2.0,3.6958,0.09655,91.79,1929,LOW,EV USE
BX0001,NMC,612,3.762,1.818,29.58,95.12,1.0,1.5,3.6592,0.09985,91.35,1916,LOW,EV USE
BX0001,NMC,635,3.719,2.865,30.0,41.81,1.5,1.0,3.7144,0.09654,92.61,1820,LOW,EV USE
BX0001,NMC,657,3.785,1.176,26.32,27.98,2.0,2.5,3.6897,0.09584,91.98,1870,LOW,EV USE
BX0001,NMC,680,3.72,1.504,31.53,35.56,1.0,1.0,3.6867,0.09669,91.67,1899,LOW,EV USE
BX0001,NMC,702,3.721,2.309,25.84,48.08,1.5,1.0,3.5796,0.10639,89.8,1816,MEDIUM,SECOND-LIFE STORAGE
BX0001,NMC,725,3.715,0.619,28.46,28.52,2.0,1.5,3.6691,0.10345,91.02,1790,LOW,EV USE
BX0001,NMC,748,3.805,2.944,29.7,82.33,2.0,1.0,3.6528,0.0999,91.01,1781,LOW,EV USE
BX0001,NMC,770,3.756,2.317,25.78,18.23,0.5,1.0,3.597,0.10421,90.18,1698,LOW,EV USE
BX0001,NMC,793,3.771,1.48,23.82,72.51,2.0,1.0,3.604,0.10726,89.71,1717,MEDIUM,SECOND-LIFE STORAGE
BX0001,NMC,815,3.756,1.175,28.31,25.6,2.0,2.5,3.6063,0.10759,90.72,1706,MEDIUM,EV USE
BX0001,NMC,838,3.649,2.056,30.0,46.35,0.5,1.5,3.5883,0.10395,90.04,1672,LOW,EV USE
BX0001,NMC,861,3.749,0.658,31.08,55.92,2.0,1.5,3.5826,0.10725,89.6,1624,MEDIUM,SECOND-LIFE STORAGE
BX0001,NMC,883,3.787,3.403,33.65,73.58,0.5,2.5,3.5635,0.11077,89.01,1647,MEDIUM,SECOND-LIFE STORAGE
BX0001,NMC,906,3.712,0.854,23.94,89.03,2.0,2.5,3.5653,0.10957,88.78,1610,MEDIUM,SECOND-LIFE STORAGE
BX0001,NMC,928,3.643,2.809,32.23,21.93,1.0,1.5,3.5602,0.10779,89.15,1640,MEDIUM,SECOND-LIFE STORAGE
BX0001,NMC,951,3.723,0.768,26.22,19.67,0.5,1.5,3.5217,0.11241,88.34,1533,MEDIUM,SECOND-LIFE STORAGE
BX0001,NMC,974,3.768,1.093,25.39,87.09,1.5,2.0,3.5328,0.10903,88.29,1574,MEDIUM,SECOND-LIFE STORAGE
BX0001,NMC,996,3.825,2.557,30.14,67.24,1.0,1.5,3.5047,0.11437,87.85,1490,MEDIUM,SECOND-LIFE STORAGE
BX0001,NMC,1019,3.756,1.837,29.93,30.61,2.0,2.5,3.5106,0.11208,87.47,1431,MEDIUM,SECOND-LIFE STORAGE
BX0001,NMC,1041,3.706,0.904,25.82,71.83,2.0,1.0,3.5187,0.11834,87.4,1536,MEDIUM,SECOND-LIFE STORAGE
BX0001,NMC,1064,3.786,3.454,29.25,54.87,0.5,1.5,3.4587,0.12318,86.41,1425,MEDIUM,SECOND-LIFE STORAGE
BX0001,NMC,1087,3.733,0.575,24.76,37.69,1.5,2.5,3.4755,0.11208,86.8,1437,MEDIUM,SECOND-LIFE STORAGE
BX0001,NMC,1109,3.74,0.8,28.42,52.4,1.0,0.5,3.4568,0.11858,86.41,1422,MEDIUM,SECOND-LIFE STORAGE
BX0001,NMC,1132,3.755,2.013,27.82,70.74,2.0,0.5,3.4821,0.11694,86.59,1435,MEDIUM,SECOND-LIFE STORAGE
BX0001,NMC,1154,3.738,0.489,28.78,26.12,1.0,1.5,3.4916,0.11775,86.76,1407,MEDIUM,SECOND-LIFE STORAGE
BX0001,NMC,1177,3.74,3.203,33.19,51.31,2.0,2.0,3.4098,0.11933,85.35,1260,MEDIUM,SECOND-LIFE STORAGE
BX0001,NMC,1200,3.739,3.01,31.21,53.13,1.0,2.5,3.3913,0.12608,85.35,1296,MEDIUM,SECOND-LIFE STORAGE
BX0001,NMC,1222,3.791,2.213,24.31,53.19,2.0,2.0,3.3889,0.12567,85.13,1263,MEDIUM,SECOND-LIFE STORAGE
BX0001,NMC,1245,3.687,0.996,26.69,29.3,0.5,0.5,3.3967,0.13007,85.01,1249,MEDIUM,SECOND-LIFE STORAGE
BX0001,NMC,1267,3.713,1.892,26.04,22.66,1.5,2.5,3.3429,0.12782,83.42,1315,MEDIUM,SECOND-LIFE STORAGE
BX0001,NMC,1290,3.771,1.132,28.32,91.7,1.0,2.5,3.3573,0.12813,84.17,1279,MEDIUM,SECOND-LIFE STORAGE
BX0001,NMC,1313,3.664,3.088,31.42,17.53,2.0,0.5,3.3491,0.13001,83.96,1142,MEDIUM,SECOND-LIFE STORAGE
BX0001,NMC,1335,3.683,2.06,29.31,22.4,0.5,2.0,3.3328,0.13486,83.15,1136,MEDIUM,SECOND-LIFE STORAGE
BX0001,NMC,1358,3.803,2.129,27.48,76.16,1.0,0.5,3.3361,0.13589,83.8,1225,MEDIUM,SECOND-LIFE STORAGE
BX0001,NMC,1380,3.713,1.424,29.36,56.35,2.0,2.0,3.3253,0.12807,83.22,1089,MEDIUM,SECOND-LIFE STORAGE
BX0001,NMC,1403,3.695,2.627,29.35,83.13,0.5,2.0,3.3199,0.1371,82.95,1202,MEDIUM,SECOND-LIFE STORAGE
BX0001,NMC,1426,3.748,2.78,33.55,73.7,1.5,2.0,3.2828,0.13717,81.88,1056,MEDIUM,SECOND-LIFE STORAGE
BX0001,NMC,1448,3.759,2.102,24.23,60.53,2.0,0.5,3.2754,0.13285,82.39,1030,MEDIUM,SECOND-LIFE STORAGE
BX0001,NMC,1471,3.687,3.037,31.13,23.86,0.5,1.5,3.2537,0.1407,81.65,1095,MEDIUM,SECOND-LIFE STORAGE
BX0001,NMC,1493,3.692,2.865,30.48,26.6,0.5,2.5,3.2551,0.14124,81.42,1005,MEDIUM,SECOND-LIFE STORAGE
BX0001,NMC,1516,3.749,1.617,29.23,87.81,1.0,1.5,3.2652,0.1332,81.32,1043,MEDIUM,SECOND-LIFE STORAGE
BX0001,NMC,1539,3.697,1.614,24.98,44.5,2.0,1.5,3.2697,0.14461,81.08,976,MEDIUM,SECOND-LIFE STORAGE
BX0001,NMC,1561,3.743,0.917,25.81,72.58,1.0,1.5,3.1944,0.14882,79.43,989,HIGH,SECOND-LIFE STORAGE
BX0001,NMC,1584,3.8,0.504,25.41,76.75,1.5,1.0,3.2019,0.1412,79.93,943,HIGH,SECOND-LIFE STORAGE
BX0001,NMC,1606,3.778,0.865,25.46,81.18,1.0,1.5,3.2062,0.14182,80.31,875,MEDIUM,SECOND-LIFE STORAGE
BX0001,NMC,1629,3.727,0.963,28.36,43.69,2.0,1.0,3.218,0.13902,80.15,913,MEDIUM,SECOND-LIFE STORAGE
BX0001,NMC,1652,3.817,3.29,30.71,87.39,2.0,2.5,3.2032,0.14581,79.29,882,HIGH,SECOND-LIFE STORAGE
BX0001,NMC,1674,3.69,2.683,32.9,50.2,0.5,1.0,3.1474,0.1538,78.54,835,HIGH,SECOND-LIFE STORAGE
BX0001,NMC,1697,3.75,2.889,29.8,42.82,1.5,1.0,3.1951,0.14322,79.72,735,HIGH,SECOND-LIFE STORAGE
BX0001,NMC,1719,3.714,3.23,32.38,17.73,2.0,2.5,3.0694,0.15314,77.57,741,HIGH,SECOND-LIFE STORAGE
BX0001,NMC,1742,3.687,2.457,32.2,16.09,2.0,2.5,3.1221,0.15633,77.84,732,HIGH,SECOND-LIFE STORAGE
BX0001,NMC,1765,3.707,2.879,26.72,50.42,0.5,2.5,3.0836,0.15133,77.36,674,HIGH,SECOND-LIFE STORAGE
BX0001,NMC,1787,3.689,2.036,30.76,74.27,1.0,1.5,3.1073,0.14774,77.8,824,HIGH,SECOND-LIFE STORAGE
BX0001,NMC,1810,3.77,1.667,27.14,68.45,0.5,0.5,3.0689,0.15197,76.83,748,HIGH,SECOND-LIFE STORAGE
BX0001,NMC,1832,3.693,2.424,29.51,29.82,2.0,1.5,3.0455,0.15752,76.36,673,HIGH,SECOND-LIFE STORAGE
BX0001,NMC,1855,3.747,2.681,29.55,67.56,1.0,1.0,3.0362,0.15627,76.22,689,HIGH,SECOND-LIFE STORAGE
BX0001,NMC,1878,3.701,0.506,26.4,45.13,2.0,0.5,3.0537,0.16067,76.12,671,HIGH,SECOND-LIFE STORAGE
BX0001,NMC,1900,3.82,1.718,29.0,81.39,1.5,0.5,2.9899,0.1651,74.91,637,HIGH,RECYCLING / INSPECTION
BX0001,NMC,1923,3.711,1.244,29.22,29.25,1.0,1.0,3.0157,0.16072,75.45,556,HIGH,SECOND-LIFE STORAGE
BX0001,NMC,1945,3.751,0.824,29.07,15.91,0.5,2.5,3.0468,0.1576,75.95,623,HIGH,SECOND-LIFE STORAGE
BX0001,NMC,1968,3.708,2.688,30.37,28.8,1.0,2.5,2.9403,0.16493,73.89,519,HIGH,RECYCLING / INSPECTION
BX0001,NMC,1991,3.783,2.156,27.75,39.66,1.0,2.5,2.9384,0.17056,73.7,511,HIGH,RECYCLING / INSPECTION
BX0001,NMC,2013,3.729,3.024,31.09,84.85,0.5,0.5,2.9295,0.16571,73.28,581,HIGH,RECYCLING / INSPECTION
BX0001,NMC,2036,3.71,0.635,31.42,53.15,1.5,1.5,2.909,0.17078,73.26,454,HIGH,RECYCLING / INSPECTION
BX0001,NMC,2058,3.742,2.645,33.12,78.0,1.0,0.5,2.9635,0.16967,73.5,455,HIGH,RECYCLING / INSPECTION
BX0001,NMC,2081,3.625,2.224,28.93,18.67,1.5,2.5,2.9595,0.16765,73.68,422,HIGH,RECYCLING / INSPECTION
BX0001,NMC,2104,3.739,2.71,28.34,81.01,1.5,1.0,2.9019,0.17172,72.36,386,HIGH,RECYCLING / INSPECTION
BX0001,NMC,2126,3.633,3.143,26.51,54.93,1.5,2.0,2.9361,0.17203,73.01,433,HIGH,RECYCLING / INSPECTION
BX0001,NMC,2149,3.774,2.013,30.67,76.24,1.0,1.5,2.9104,0.17618,72.67,357,HIGH,RECYCLING / INSPECTION
BX0001,NMC,2171,3.704,2.345,33.17,54.83,1.5,2.0,2.8838,0.17311,71.78,393,HIGH,RECYCLING / INSPECTION
BX0001,NMC,2194,3.639,1.319,27.13,38.84,2.0,2.0,2.8497,0.17654,71.0,277,HIGH,RECYCLING / INSPECTION
BX0001,NMC,2217,3.734,0.918,29.87,65.91,0.5,1.5,2.8573,0.17532,71.5,313,HIGH,RECYCLING / INSPECTION
BX0001,NMC,2239,3.681,2.817,29.46,30.47,1.5,0.5,2.8016,0.17968,70.02,268,HIGH,RECYCLING / INSPECTION
BX0001,NMC,2262,3.8,1.923,29.98,57.77,0.5,0.5,2.8658,0.17117,71.5,228,HIGH,RECYCLING / INSPECTION
BX0002,NMC,25,3.777,1.555,27.3,48.9,1.0,1.0,3.9101,0.06127,97.43,2582,LOW,EV USE
BX0002,NMC,48,3.733,2.236,30.55,54.89,1.0,1.5,3.8761,0.06514,96.83,2629,LOW,EV USE
BX0002,NMC,72,3.719,0.888,26.44,35.36,0.5,0.5,3.8923,0.06709,97.12,2535,LOW,EV USE
BX0002,NMC,96,3.726,2.942,28.61,15.43,1.0,2.0,3.8617,0.0692,96.36,2539,LOW,EV USE
BX0002,NMC,120,3.69,1.412,25.55,21.98,1.0,2.0,3.8973,0.06173,97.33,2526,LOW,EV USE
BX0002,NMC,143,3.793,1.616,26.51,84.73,1.0,2.0,3.8435,0.06671,96.29,2473,LOW,EV USE
BX0002,NMC,167,3.82,0.58,28.12,54.31,2.0,2.5,3.8535,0.068,96.52,2447,LOW,EV USE
BX0002,NMC,191,3.795,1.183,29.23,82.96,1.5,2.5,3.8311,0.0671,95.83,2448,LOW,EV USE
BX0002,NMC,215,3.756,2.796,30.61,84.72,1.5,0.5,3.8526,0.06645,95.97,2413,LOW,EV USE
BX0002,NMC,238,3.771,1.394,30.41,40.89,1.5,0.5,3.8404,0.06703,95.94,2432,LOW,EV USE
BX0002,NMC,262,3.792,0.975,29.03,95.36,1.5,1.5,3.8167,0.07056,94.99,2394,LOW,EV USE
BX0002,NMC,286,3.763,3.255,29.97,17.7,0.5,0.5,3.8295,0.06668,95.56,2371,LOW,EV USE
BX0002,NMC,310,3.757,2.42,29.04,28.35,2.0,1.5,3.7874,0.06851,94.5,2270,LOW,EV USE
BX0002,NMC,333,3.774,2.437,28.1,74.92,1.5,0.5,3.8285,0.06904,95.83,2324,LOW,EV USE
BX0002,NMC,357,3.76,0.43,27.87,61.45,0.5,0.5,3.7754,0.07529,94.73,2212,LOW,EV USE
BX0002,NMC,381,3.759,2.159,26.43,26.02,1.0,1.0,3.7748,0.0721,94.4,2281,LOW,EV USE
BX0002,NMC,405,3.794,3.1,27.7,73.85,1.0,1.5,3.8083,0.07109,94.93,2257,LOW,EV USE
BX0002,NMC,428,3.827,1.891,30.24,80.06,2.0,2.0,3.7991,0.076,95.04,2196,LOW,EV USE
BX0002,NMC,452,3.714,2.122,30.56,56.35,2.0,0.5,3.7295,0.07711,93.4,2215,LOW,EV USE
BX0002,NMC,476,3.73,1.031,25.73,49.73,0.5,1.0,3.73,0.07257,93.25,2177,LOW,EV USE
BX0002,NMC,500,3.787,0.524,22.95,96.97,2.0,1.0,3.7463,0.07314,93.19,2177,LOW,EV USE
BX0002,NMC,523,3.772,3.228,28.16,64.17,2.0,2.5,3.7466,0.07228,93.13,2073,LOW,EV USE
BX0002,NMC,547,3.724,1.136,27.52,29.91,1.0,2.0,3.7112,0.07902,92.66,2134,LOW,EV USE
BX0002,NMC,571,3.69,2.422,30.38,22.91,1.5,2.5,3.7174,0.08,93.43,2012,LOW,EV USE
BX0002,NMC,595,3.723,1.127,30.36,34.67,2.0,1.0,3.6977,0.07432,92.47,2080,LOW,EV USE
BX0002,NMC,618,3.727,3.341,27.04,63.79,2.0,0.5,3.7172,0.07603,93.11,1977,LOW,EV USE
BX0002,NMC,642,3.764,1.784,28.23,73.55,1.5,2.5,3.6643,0.08579,91.25,2036,LOW,EV USE
BX0002,NMC,666,3.787,0.958,25.77,33.65,2.0,2.5,3.6582,0.08139,91.59,2001,LOW,EV USE
BX0002,NMC,690,3.745,2.017,28.91,36.1,1.5,2.5,3.6923,0.07883,92.37,1877,LOW,EV USE
BX0002,NMC,713,3.718,1.127,25.3,27.96,1.0,0.5,3.6425,0.08457,90.91,1926,LOW,EV USE
BX0002,NMC,737,3.786,3.248,30.23,81.03,1.0,2.5,3.6447,0.08159,91.07,1908,LOW,EV USE
BX0002,NMC,761,3.74,1.386,26.41,65.21,1.5,0.5,3.666,0.08,91.11,1886,LOW,EV USE
BX0002,NMC,785,3.758,1.383,27.11,87.86,1.0,0.5,3.6148,0.08624,90.61,1888,LOW,EV USE
BX0002,NMC,808,3.773,2.1,32.73,46.57,1.5,2.0,3.6112,0.08658,90.72,1911,LOW,EV USE
BX0002,NMC,832,3.782,1.951,25.84,78.03,1.0,2.0,3.5962,0.08702,89.98,1810,LOW,SECOND-LIFE STORAGE
BX0002,NMC,856,3.77,2.771,34.57,65.46,1.5,1.5,3.5429,0.09119,89.07,1814,LOW,SECOND-LIFE STORAGE
BX0002,NMC,880,3.685,1.906,29.36,23.42,1.5,2.5,3.5772,0.08743,89.31,1726,LOW,SECOND-LIFE STORAGE
BX0002,NMC,903,3.722,1.245,23.9,74.44,1.5,2.0,3.5867,0.09038,89.25,1729,LOW,SECOND-LIFE STORAGE
BX0002,NMC,927,3.746,1.195,28.02,62.09,1.5,0.5,3.5418,0.0875,88.95,1733,LOW,SECOND-LIFE STORAGE
BX0002,NMC,951,3.711,2.861,34.28,64.26,0.5,2.5,3.5263,0.08994,88.84,1706,LOW,SECOND-LIFE STORAGE
BX0002,NMC,975,3.743,2.669,29.95,40.07,0.5,1.0,3.5405,0.08651,88.43,1696,LOW,SECOND-LIFE STORAGE
BX0002,NMC,998,3.809,3.095,29.14,34.52,1.0,2.5,3.5185,0.08951,87.83,1576,MEDIUM,SECOND-LIFE STORAGE
BX0002,NMC,1022,3.745,2.243,29.21,47.45,1.5,2.5,3.554,0.08692,88.36,1618,LOW,SECOND-LIFE STORAGE
BX0002,NMC,1046,3.721,1.457,26.86,16.31,1.0,1.0,3.513,0.09838,87.25,1636,MEDIUM,SECOND-LIFE STORAGE
BX0002,NMC,1070,3.696,1.644,25.1,64.45,1.5,2.0,3.4962,0.09591,87.33,1527,MEDIUM,SECOND-LIFE STORAGE
BX0002,NMC,1093,3.809,1.241,27.94,68.13,2.0,2.5,3.499,0.09195,87.54,1578,MEDIUM,SECOND-LIFE STORAGE
BX0002,NMC,1117,3.661,3.486,29.13,45.12,1.0,2.0,3.4413,0.09727,86.09,1501,MEDIUM,SECOND-LIFE STORAGE
BX0002,NMC,1141,3.734,2.948,26.96,50.08,1.0,2.5,3.4885,0.09405,87.0,1513,MEDIUM,SECOND-LIFE STORAGE
BX0002,NMC,1165,3.732,2.842,30.15,36.33,2.0,2.0,3.441,0.09691,85.79,1510,MEDIUM,SECOND-LIFE STORAGE
BX0002,NMC,1188,3.737,2.117,28.18,92.77,1.5,1.0,3.4042,0.09804,85.37,1396,MEDIUM,SECOND-LIFE STORAGE
BX0002,NMC,1212,3.774,3.039,31.63,97.35,1.5,1.0,3.4595,0.09867,85.74,1425,MEDIUM,SECOND-LIFE STORAGE
BX0002,NMC,1236,3.729,1.649,30.33,21.72,1.0,2.0,3.4196,0.09806,85.39,1373,MEDIUM,SECOND-LIFE STORAGE
BX0002,NMC,1260,3.707,2.28,34.7,41.04,1.5,0.5,3.4135,0.0982,85.3,1413,MEDIUM,SECOND-LIFE STORAGE
BX0002,NMC,1283,3.746,1.121,25.24,57.01,1.5,2.0,3.4092,0.10098,84.93,1323,MEDIUM,SECOND-LIFE STORAGE
BX0002,NMC,1307,3.736,2.416,30.5,66.43,1.0,1.5,3.3576,0.10097,83.98,1385,MEDIUM,SECOND-LIFE STORAGE
BX0002,NMC,1331,3.69,0.631,23.18,29.17,1.5,2.0,3.3925,0.10123,84.4,1339,MEDIUM,SECOND-LIFE STORAGE
BX0002,NMC,1355,3.751,0.939,25.73,33.33,1.0,2.5,3.396,0.10061,84.5,1300,MEDIUM,SECOND-LIFE STORAGE
BX0002,NMC,1378,3.76,2.965,27.3,49.37,1.0,1.0,3.3506,0.10428,83.47,1289,MEDIUM,SECOND-LIFE STORAGE
BX0002,NMC,1402,3.693,0.988,30.54,71.52,1.0,1.0,3.3123,0.10756,83.12,1274,MEDIUM,SECOND-LIFE STORAGE
BX0002,NMC,1426,3.72,1.948,27.07,68.63,1.0,2.0,3.3016,0.10534,82.39,1198,MEDIUM,SECOND-LIFE STORAGE
BX0002,NMC,1450,3.759,3.065,31.25,65.97,0.5,0.5,3.3045,0.11136,82.45,1186,MEDIUM,SECOND-LIFE STORAGE
BX0002,NMC,1473,3.783,1.184,26.99,92.22,1.5,1.0,3.2897,0.10809,82.46,1185,MEDIUM,SECOND-LIFE STORAGE
BX0002,NMC,1497,3.709,3.136,29.67,52.4,2.0,0.5,3.238,0.1121,81.6,1141,MEDIUM,SECOND-LIFE STORAGE
BX0002,NMC,1521,3.676,1.977,29.01,17.95,2.0,1.5,3.2978,0.10944,82.08,1040,MEDIUM,SECOND-LIFE STORAGE
BX0002,NMC,1545,3.727,0.613,22.4,83.93,2.0,2.0,3.2598,0.11569,81.14,1090,MEDIUM,SECOND-LIFE STORAGE
BX0002,NMC,1568,3.738,3.375,28.62,20.75,1.0,2.5,3.2507,0.11026,81.19,1070,MEDIUM,SECOND-LIFE STORAGE
BX0002,NMC,1592,3.722,2.014,26.72,91.38,1.0,0.5,3.2181,0.11359,80.77,1061,MEDIUM,SECOND-LIFE STORAGE
BX0002,NMC,1616,3.753,1.146,25.55,93.28,1.0,0.5,3.1774,0.12108,80.03,1015,MEDIUM,SECOND-LIFE STORAGE
BX0002,NMC,1640,3.783,3.249,31.12,85.26,0.5,2.0,3.1942,0.11804,79.58,972,HIGH,SECOND-LIFE STORAGE
BX0002,NMC,1664,3.745,2.657,31.8,59.78,2.0,1.5,3.1878,0.11454,79.8,952,HIGH,SECOND-LIFE STORAGE
BX0002,NMC,1687,3.748,2.75,27.87,49.31,1.0,1.5,3.189,0.11627,79.56,1003,HIGH,SECOND-LIFE STORAGE
BX0002,NMC,1711,3.754,2.916,29.61,61.32,2.0,1.5,3.1906,0.11393,79.7,941,HIGH,SECOND-LIFE STORAGE
BX0002,NMC,1735,3.728,2.31,26.33,75.84,0.5,0.5,3.1756,0.11813,79.52,866,HIGH,SECOND-LIFE STORAGE
BX0002,NMC,1759,3.729,1.541,29.99,94.52,1.5,1.5,3.1425,0.1184,78.56,866,HIGH,SECOND-LIFE STORAGE
BX0002,NMC,1782,3.67,1.679,30.74,47.5,0.5,2.5,3.1589,0.11932,79.09,902,HIGH,SECOND-LIFE STORAGE
BX0002,NMC,1806,3.765,2.198,28.74,20.38,1.0,1.0,3.113,0.12736,78.08,900,HIGH,SECOND-LIFE STORAGE
BX0002,NMC,1830,3.745,2.712,30.83,72.72,0.5,2.0,3.1546,0.11838,78.4,856,HIGH,SECOND-LIFE STORAGE
BX0002,NMC,1854,3.726,2.884,27.37,20.19,1.0,2.5,3.0936,0.12193,77.51,817,HIGH,SECOND-LIFE STORAGE
BX0002,NMC,1877,3.77,3.472,30.95,71.93,1.0,2.5,3.0769,0.12101,77.25,794,HIGH,SECOND-LIFE STORAGE
BX0002,NMC,1901,3.697,3.316,26.97,39.79,1.5,2.5,3.0465,0.12694,76.5,683,HIGH,SECOND-LIFE STORAGE
BX0002,NMC,1925,3.733,0.814,30.94,55.09,1.0,1.5,3.0539,0.12693,76.23,702,HIGH,SECOND-LIFE STORAGE
BX0002,NMC,1949,3.762,0.82,28.87,65.65,2.0,2.5,3.0671,0.12413,76.82,734,HIGH,SECOND-LIFE STORAGE
BX0002,NMC,1972,3.698,1.243,27.98,35.71,0.5,2.0,3.0019,0.13105,75.31,723,HIGH,SECOND-LIFE STORAGE
BX0002,NMC,1996,3.767,1.472,27.65,61.65,1.0,1.0,3.0182,0.12991,75.5,619,HIGH,SECOND-LIFE STORAGE
BX0002,NMC,2020,3.759,2.336,28.95,80.38,0.5,1.5,3.0305,0.13324,75.26,620,HIGH,SECOND-LIFE STORAGE
BX0002,NMC,2044,3.733,3.399,28.77,93.6,0.5,0.5,2.983,0.12978,74.39,653,HIGH,RECYCLING / INSPECTION
BX0002,NMC,2067,3.666,2.594,31.72,20.62,1.0,1.0,2.9605,0.13522,73.99,576,HIGH,RECYCLING / INSPECTION
BX0002,NMC,2091,3.693,2.418,34.44,49.18,2.0,2.0,2.9413,0.13437,73.55,552,HIGH,RECYCLING / INSPECTION
BX0002,NMC,2115,3.769,3.104,34.03,43.2,2.0,2.5,2.9525,0.13465,73.82,535,HIGH,RECYCLING / INSPECTION
BX0002,NMC,2139,3.717,2.113,30.53,61.31,2.0,0.5,2.9261,0.14107,73.01,477,HIGH,RECYCLING / INSPECTION
BX0002,NMC,2162,3.669,0.69,23.25,47.98,2.0,1.0,2.9425,0.13303,73.7,469,HIGH,RECYCLING / INSPECTION
BX0002,NMC,2186,3.613,2.392,32.11,40.92,1.0,2.0,2.8985,0.13609,72.68,491,HIGH,RECYCLING / INSPECTION
BX0002,NMC,2210,3.685,1.972,28.96,29.01,2.0,2.5,2.8918,0.14024,72.63,433,HIGH,RECYCLING / INSPECTION
BX0002,NMC,2234,3.765,3.056,29.49,95.32,1.5,0.5,2.9058,0.14125,72.47,387,HIGH,RECYCLING / INSPECTION
BX0002,NMC,2257,3.658,3.134,34.16,28.77,1.5,2.5,2.8762,0.14329,71.92,374,HIGH,RECYCLING / INSPECTION
BX0002,NMC,2281,3.706,2.668,31.16,21.59,2.0,1.0,2.9108,0.14164,71.99,349,HIGH,RECYCLING / INSPECTION
BX0002,NMC,2305,3.707,2.94,33.21,36.11,2.0,2.5,2.8448,0.13912,71.25,372,HIGH,RECYCLING / INSPECTION
BX0002,NMC,2329,3.767,2.303,31.05,30.87,0.5,2.5,2.8401,0.1453,70.51,254,HIGH,RECYCLING / INSPECTION
BX0002,NMC,2352,3.675,0.412,28.5,41.14,2.0,2.0,2.8304,0.14304,70.64,306,HIGH,RECYCLING / INSPECTION
BX0002,NMC,2376,3.692,0.612,29.09,44.91,2.0,2.0,2.7932,0.14535,70.01,315,HIGH,RECYCLING / INSPECTION
BX0003,LFP,25,3.656,1.827,27.57,52.11,1.5,1.5,1.9955,0.05485,99.38,2378,LOW,EV USE
BX0003,LFP,46,3.657,3.061,29.18,38.24,1.0,1.5,1.9769,0.05955,98.9,2309,LOW,EV USE
BX0003,LFP,67,3.597,2.581,27.3,24.34,1.0,0.5,1.9818,0.05885,99.4,2300,LOW,EV USE
BX0003,LFP,88,3.674,1.33,23.13,39.67,0.5,2.5,1.9734,0.06087,98.85,2336,LOW,EV USE
BX0003,LFP,109,3.63,2.177,26.64,80.5,0.5,1.5,1.9791,0.05593,98.48,2282,LOW,EV USE
BX0003,LFP,131,3.661,0.601,25.84,87.09,1.0,2.0,1.9851,0.05621,99.31,2241,LOW,EV USE
BX0003,LFP,152,3.681,3.339,28.15,29.16,1.5,2.0,1.9558,0.05939,97.86,2202,LOW,EV USE
BX0003,LFP,173,3.677,1.214,25.15,95.57,0.5,0.5,1.9611,0.06379,97.82,2130,LOW,EV USE
BX0003,LFP,194,3.592,1.14,25.52,90.31,0.5,0.5,1.9359,0.06252,97.72,2116,LOW,EV USE
BX0003,LFP,216,3.669,2.065,21.88,64.04,0.5,1.0,1.9784,0.05955,97.56,2158,LOW,EV USE
BX0003,LFP,237,3.6,1.261,23.84,18.68,0.5,2.5,1.9136,0.06458,96.54,2157,LOW,EV USE
BX0003,LFP,258,3.652,3.478,31.74,73.29,0.5,2.0,1.9234,0.06298,97.47,2083,LOW,EV USE
BX0003,LFP,279,3.688,1.32,28.62,70.99,1.0,2.5,1.9538,0.06003,97.48,2100,LOW,EV USE
BX0003,LFP,301,3.702,0.686,27.38,70.0,0.5,0.5,1.9437,0.06761,96.84,2140,LOW,EV USE
BX0003,LFP,322,3.668,2.404,31.51,68.63,1.0,1.0,1.9102,0.06599,96.05,2074,LOW,EV USE
BX0003,LFP,343,3.664,2.97,30.52,58.99,1.5,0.5,1.9253,0.06941,96.45,2088,LOW,EV USE
BX0003,LFP,364,3.708,0.609,22.76,82.79,2.0,1.5,1.9166,0.06613,96.29,1988,LOW,EV USE
BX0003,LFP,386,3.709,1.591,29.53,33.78,0.5,1.5,1.914,0.06754,96.19,1930,LOW,EV USE
BX0003,LFP,407,3.653,1.561,28.98,72.14,2.0,2.5,1.9161,0.07411,95.1,1914,LOW,EV USE
BX0003,LFP,428,3.58,0.622,29.17,43.27,1.0,2.5,1.9207,0.07202,95.57,1908,LOW,EV USE
BX0003,LFP,449,3.625,0.919,30.9,23.74,0.5,2.0,1.9219,0.07114,96.03,1930,LOW,EV USE
BX0003,LFP,471,3.641,1.371,28.65,47.82,1.0,2.5,1.9019,0.06951,95.19,1852,LOW,EV USE
BX0003,LFP,492,3.615,3.484,24.56,51.86,1.5,2.0,1.9093,0.0698,94.82,1875,LOW,EV USE
BX0003,LFP,513,3.692,1.504,25.64,84.6,1.0,0.5,1.8975,0.06627,95.96,1881,LOW,EV USE
BX0003,LFP,534,3.664,0.912,25.34,60.22,2.0,1.5,1.9101,0.07067,95.45,1817,LOW,EV USE
BX0003,LFP,556,3.644,1.83,24.99,80.78,0.5,0.5,1.9024,0.06901,94.61,1824,LOW,EV USE
BX0003,LFP,577,3.636,1.496,25.01,64.73,1.0,1.5,1.8889,0.07325,94.28,1785,LOW,EV USE
BX0003,LFP,598,3.617,3.406,33.94,17.86,2.0,2.0,1.8709,0.07406,93.5,1789,LOW,EV USE
BX0003,LFP,619,3.722,2.144,23.86,58.36,2.0,0.5,1.8904,0.07464,93.54,1704,LOW,EV USE
BX0003,LFP,641,3.689,2.267,30.31,51.81,1.5,0.5,1.8683,0.07345,93.91,1736,LOW,EV USE
BX0003,LFP,662,3.661,0.495,23.82,36.25,1.0,2.5,1.8601,0.07623,92.43,1730,LOW,EV USE
BX0003,LFP,683,3.687,2.672,29.78,42.67,1.5,1.5,1.8817,0.07675,93.81,1686,LOW,EV USE
BX0003,LFP,704,3.63,3.305,29.98,15.47,0.5,2.0,1.8456,0.07646,92.49,1677,LOW,EV USE
BX0003,LFP,726,3.705,2.531,27.15,38.27,0.5,2.5,1.8438,0.08332,92.0,1665,LOW,EV USE
BX0003,LFP,747,3.678,0.85,28.07,54.7,1.5,2.0,1.838,0.07919,91.7,1660,LOW,EV USE
BX0003,LFP,768,3.67,0.468,25.2,37.09,0.5,0.5,1.8451,0.07859,91.64,1606,LOW,EV USE
BX0003,LFP,789,3.705,3.087,30.68,74.74,1.0,2.0,1.8098,0.07977,91.32,1568,LOW,EV USE
BX0003,LFP,810,3.597,1.299,26.77,40.17,1.5,1.0,1.8553,0.07727,91.43,1560,LOW,EV USE
BX0003,LFP,832,3.657,0.719,28.68,48.4,1.0,0.5,1.8053,0.0817,90.46,1510,LOW,EV USE
BX0003,LFP,853,3.664,3.012,27.68,37.44,1.5,1.5,1.8197,0.08387,90.31,1488,LOW,EV USE
BX0003,LFP,874,3.532,2.53,28.54,22.41,1.5,0.5,1.8146,0.08402,90.81,1485,LOW,EV USE
BX0003,LFP,895,3.624,3.347,29.94,78.17,0.5,2.0,1.7981,0.08478,90.4,1506,LOW,EV USE
BX0003,LFP,917,3.623,1.951,27.14,94.41,1.0,1.5,1.8175,0.08468,90.15,1367,LOW,EV USE
BX0003,LFP,938,3.686,3.036,32.69,83.24,1.5,0.5,1.7858,0.08623,89.38,1386,LOW,SECOND-LIFE STORAGE
BX0003,LFP,959,3.676,0.79,25.82,92.26,1.0,0.5,1.8015,0.08638,89.62,1393,LOW,SECOND-LIFE STORAGE
BX0003,LFP,980,3.642,1.999,27.93,24.26,1.0,2.5,1.7854,0.08742,88.91,1366,LOW,SECOND-LIFE STORAGE
BX0003,LFP,1002,3.632,2.046,22.6,48.56,1.5,0.5,1.748,0.09072,88.08,1363,LOW,SECOND-LIFE STORAGE
BX0003,LFP,1023,3.675,2.796,31.73,79.24,1.5,2.5,1.7765,0.08706,88.5,1342,LOW,SECOND-LIFE STORAGE
BX0003,LFP,1044,3.68,1.43,26.64,51.15,1.5,2.0,1.7541,0.08833,88.12,1291,LOW,SECOND-LIFE STORAGE
BX0003,LFP,1065,3.663,3.126,31.41,60.52,2.0,0.5,1.7902,0.09514,88.36,1367,LOW,SECOND-LIFE STORAGE
BX0003,LFP,1087,3.671,2.601,28.29,89.65,0.5,2.0,1.7481,0.09354,86.93,1299,MEDIUM,SECOND-LIFE STORAGE
BX0003,LFP,1108,3.588,1.534,27.99,21.28,1.0,0.5,1.7402,0.09576,87.03,1235,MEDIUM,SECOND-LIFE STORAGE
BX0003,LFP,1129,3.716,2.371,29.38,82.32,1.5,0.5,1.7594,0.08982,87.64,1199,MEDIUM,SECOND-LIFE STORAGE
BX0003,LFP,1150,3.627,2.594,25.11,88.88,1.0,1.5,1.7384,0.09367,87.06,1209,MEDIUM,SECOND-LIFE STORAGE
BX0003,LFP,1172,3.65,2.095,29.03,78.15,1.5,2.5,1.7382,0.09869,86.16,1146,MEDIUM,SECOND-LIFE STORAGE
BX0003,LFP,1193,3.729,2.034,29.4,97.58,0.5,2.0,1.7317,0.09359,86.61,1133,MEDIUM,SECOND-LIFE STORAGE
BX0003,LFP,1214,3.624,2.329,25.98,21.07,1.5,2.5,1.709,0.10507,85.17,1151,MEDIUM,SECOND-LIFE STORAGE
BX0003,LFP,1235,3.646,2.822,27.87,53.03,0.5,1.0,1.722,0.09553,85.78,1166,MEDIUM,SECOND-LIFE STORAGE
BX0003,LFP,1257,3.609,2.905,30.2,18.82,2.0,1.5,1.7162,0.10381,85.05,1061,MEDIUM,SECOND-LIFE STORAGE
BX0003,LFP,1278,3.603,3.194,29.58,15.04,0.5,2.5,1.6826,0.10389,84.62,1108,MEDIUM,SECOND-LIFE STORAGE
BX0003,LFP,1299,3.559,2.328,27.46,37.87,0.5,1.0,1.7107,0.09816,85.72,1121,MEDIUM,SECOND-LIFE STORAGE
BX0003,LFP,1320,3.636,1.737,26.41,33.67,0.5,1.5,1.7004,0.10276,84.63,1104,MEDIUM,SECOND-LIFE STORAGE
BX0003,LFP,1342,3.713,3.022,27.42,90.01,1.5,1.0,1.6845,0.10146,84.51,1003,MEDIUM,SECOND-LIFE STORAGE
BX0003,LFP,1363,3.625,2.241,27.24,39.54,1.5,2.0,1.6887,0.10237,83.85,990,MEDIUM,SECOND-LIFE STORAGE
BX0003,LFP,1384,3.689,0.548,26.76,83.62,2.0,1.0,1.6716,0.10189,83.8,1006,MEDIUM,SECOND-LIFE STORAGE
BX0003,LFP,1405,3.654,3.286,30.18,39.07,0.5,0.5,1.6801,0.10437,83.22,882,MEDIUM,SECOND-LIFE STORAGE
BX0003,LFP,1427,3.613,1.031,25.77,31.65,2.0,1.5,1.6533,0.11122,82.58,929,MEDIUM,SECOND-LIFE STORAGE
BX0003,LFP,1448,3.622,2.29,33.09,78.0,0.5,1.5,1.6505,0.10363,83.07,884,MEDIUM,SECOND-LIFE STORAGE
BX0003,LFP,1469,3.631,1.685,28.73,46.6,0.5,1.5,1.6427,0.10487,82.58,834,MEDIUM,SECOND-LIFE STORAGE
BX0003,LFP,1490,3.693,0.803,27.1,67.47,1.5,0.5,1.6639,0.1113,81.81,885,MEDIUM,SECOND-LIFE STORAGE
BX0003,LFP,1511,3.6,3.036,30.64,25.39,0.5,2.5,1.62,0.11155,81.11,851,MEDIUM,SECOND-LIFE STORAGE
BX0003,LFP,1533,3.582,2.771,30.83,24.87,2.0,0.5,1.6178,0.10971,81.16,897,MEDIUM,SECOND-LIFE STORAGE
BX0003,LFP,1554,3.645,0.45,27.38,90.25,1.0,1.0,1.5952,0.10666,80.94,820,MEDIUM,SECOND-LIFE STORAGE
BX0003,LFP,1575,3.713,2.589,27.63,56.59,0.5,0.5,1.6282,0.11231,81.19,856,MEDIUM,SECOND-LIFE STORAGE
BX0003,LFP,1596,3.6,2.499,28.91,82.13,1.0,1.5,1.583,0.11567,80.32,804,MEDIUM,SECOND-LIFE STORAGE
BX0003,LFP,1618,3.607,3.444,30.35,85.61,2.0,2.0,1.5944,0.11748,79.72,770,HIGH,SECOND-LIFE STORAGE
BX0003,LFP,1639,3.576,3.122,30.11,50.73,0.5,1.0,1.5789,0.11965,79.21,746,HIGH,SECOND-LIFE STORAGE
BX0003,LFP,1660,3.672,3.328,30.21,46.04,1.5,1.5,1.5973,0.11371,80.26,744,MEDIUM,SECOND-LIFE STORAGE
BX0003,LFP,1681,3.676,0.72,26.93,96.1,0.5,2.5,1.6028,0.11749,79.34,684,HIGH,SECOND-LIFE STORAGE
BX0003,LFP,1703,3.661,2.277,26.24,21.15,1.0,2.0,1.5635,0.11897,78.95,665,HIGH,SECOND-LIFE STORAGE
BX0003,LFP,1724,3.605,3.269,28.23,29.29,2.0,2.0,1.5923,0.11833,79.32,615,HIGH,SECOND-LIFE STORAGE
BX0003,LFP,1745,3.584,1.557,30.34,73.41,2.0,0.5,1.5541,0.12742,77.76,694,HIGH,SECOND-LIFE STORAGE
BX0003,LFP,1766,3.656,1.061,25.89,65.82,1.0,0.5,1.544,0.12396,77.1,643,HIGH,SECOND-LIFE STORAGE
BX0003,LFP,1788,3.656,3.313,30.41,59.99,1.0,1.0,1.5454,0.12444,77.57,545,HIGH,SECOND-LIFE STORAGE
BX0003,LFP,1809,3.656,1.414,33.18,76.65,2.0,2.5,1.5446,0.12511,76.81,565,HIGH,SECOND-LIFE STORAGE
BX0003,LFP,1830,3.676,1.032,29.38,73.17,1.5,2.0,1.5188,0.13374,75.59,552,HIGH,SECOND-LIFE STORAGE
BX0003,LFP,1851,3.648,2.486,29.22,65.36,1.5,2.0,1.514,0.13119,76.22,529,HIGH,SECOND-LIFE STORAGE
BX0003,LFP,1873,3.616,2.688,27.4,76.66,1.0,0.5,1.5336,0.12811,76.23,492,HIGH,SECOND-LIFE STORAGE
BX0003,LFP,1894,3.656,3.176,31.36,45.58,0.5,1.0,1.5281,0.12348,75.94,492,HIGH,SECOND-LIFE STORAGE
BX0003,LFP,1915,3.602,2.413,33.68,51.73,1.5,1.0,1.5072,0.12926,74.95,479,HIGH,RECYCLING / INSPECTION
BX0003,LFP,1936,3.66,2.77,30.29,23.75,0.5,2.5,1.4982,0.13287,74.91,392,HIGH,RECYCLING / INSPECTION
BX0003,LFP,1958,3.602,0.742,28.24,71.87,2.0,1.5,1.49,0.13059,75.12,367,HIGH,SECOND-LIFE STORAGE
BX0003,LFP,1979,3.667,2.847,27.44,83.77,2.0,2.5,1.5324,0.1246,75.88,376,HIGH,SECOND-LIFE STORAGE
BX0003,LFP,2000,3.686,0.718,27.99,87.73,1.5,0.5,1.4577,0.13628,73.7,289,HIGH,RECYCLING / INSPECTION
BX0003,LFP,2021,3.602,1.762,29.55,77.11,0.5,2.5,1.4917,0.13383,74.08,356,HIGH,RECYCLING / INSPECTION
BX0003,LFP,2043,3.69,3.075,29.92,76.47,1.0,0.5,1.4817,0.12914,73.2,327,HIGH,RECYCLING / INSPECTION
BX0003,LFP,2064,3.563,2.367,30.79,25.08,1.0,2.0,1.4339,0.13877,72.76,307,HIGH,RECYCLING / INSPECTION
BX0003,LFP,2085,3.62,2.723,28.49,42.86,0.5,0.5,1.4433,0.13618,72.47,280,HIGH,RECYCLING / INSPECTION
BX0003,LFP,2106,3.637,1.95,31.81,29.25,1.0,2.5,1.4349,0.13891,73.15,250,HIGH,RECYCLING / INSPECTION
BX0003,LFP,2128,3.576,0.843,28.83,42.99,0.5,1.0,1.4357,0.13812,71.73,259,HIGH,RECYCLING / INSPECTION
BX0004,LFP,25,3.648,0.431,27.74,36.02,0.5,2.5,2.4761,0.05044,99.58,2081,LOW,EV USE
BX0004,LFP,43,3.684,1.799,26.87,80.7,0.5,1.5,2.465,0.04439,98.44,1991,LOW,EV USE
BX0004,LFP,61,3.643,1.886,25.93,18.48,1.5,2.0,2.4507,0.04814,98.12,1957,LOW,EV USE
BX0004,LFP,80,3.659,1.118,20.08,97.11,1.0,1.5,2.4541,0.05229,98.15,1961,LOW,EV USE
BX0004,LFP,98,3.681,3.281,28.86,44.05,2.0,0.5,2.4532,0.05097,97.43,1932,LOW,EV USE
BX0004,LFP,116,3.572,2.099,26.38,50.36,2.0,1.0,2.4412,0.05016,98.32,1939,LOW,EV USE
BX0004,LFP,135,3.625,1.611,24.69,43.8,1.5,1.5,2.4337,0.05516,97.79,1885,LOW,EV USE
BX0004,LFP,153,3.727,1.351,29.34,77.94,2.0,1.5,2.445,0.0511,97.97,1869,LOW,EV USE
BX0004,LFP,171,3.65,2.212,29.76,61.31,1.5,1.0,2.4179,0.05477,97.3,1836,LOW,EV USE
BX0004,LFP,190,3.666,2.72,33.84,67.85,2.0,2.0,2.4289,0.05751,96.9,1801,LOW,EV USE
BX0004,LFP,208,3.616,2.808,29.79,20.24,1.5,2.0,2.3952,0.05838,95.95,1882,LOW,EV USE
BX0004,LFP,226,3.682,1.218,25.6,53.51,1.5,2.5,2.4318,0.05244,96.88,1811,LOW,EV USE
BX0004,LFP,245,3.616,1.994,30.78,31.69,0.5,1.0,2.4238,0.05283,96.78,1857,LOW,EV USE
BX0004,LFP,263,3.664,3.497,29.8,22.88,2.0,2.5,2.4059,0.05407,95.92,1753,LOW,EV USE
BX0004,LFP,281,3.706,2.155,27.65,80.05,1.5,1.0,2.3839,0.05686,95.47,1718,LOW,EV USE
BX0004,LFP,300,3.555,3.309,26.91,15.44,1.5,0.5,2.3945,0.05762,95.24,1691,LOW,EV USE
BX0004,LFP,318,3.663,2.194,30.56,26.49,1.5,1.0,2.3824,0.0589,95.58,1734,LOW,EV USE
BX0004,LFP,336,3.724,0.565,27.99,64.23,1.5,1.0,2.361,0.05859,95.45,1691,LOW,EV USE
BX0004,LFP,355,3.647,2.12,28.08,20.79,0.5,2.0,2.3722,0.05904,94.82,1711,LOW,EV USE
BX0004,LFP,373,3.55,2.525,28.29,20.03,2.0,1.5,2.3653,0.06005,94.87,1600,LOW,EV USE
BX0004,LFP,391,3.677,2.392,30.42,84.2,2.0,1.5,2.3717,0.05916,94.8,1643,LOW,EV USE
BX0004,LFP,410,3.688,2.443,28.99,88.28,1.5,1.5,2.3482,0.06294,94.0,1623,LOW,EV USE
BX0004,LFP,428,3.639,3.027,29.3,53.6,1.5,2.5,2.3553,0.062,93.73,1600,LOW,EV USE
BX0004,LFP,446,3.623,0.713,22.94,37.29,1.5,2.5,2.3363,0.06065,93.81,1590,LOW,EV USE
BX0004,LFP,465,3.62,1.121,29.23,39.85,0.5,2.0,2.3167,0.06184,92.89,1559,LOW,EV USE
BX0004,LFP,483,3.623,1.462,26.07,27.19,1.5,1.5,2.3325,0.06406,93.21,1532,LOW,EV USE
BX0004,LFP,501,3.598,0.847,24.17,56.96,1.0,0.5,2.3481,0.06173,93.79,1571,LOW,EV USE
BX0004,LFP,520,3.614,1.528,25.74,38.4,1.0,1.5,2.3262,0.0668,93.07,1486,LOW,EV USE
BX0004,LFP,538,3.709,2.434,27.73,54.08,2.0,0.5,2.3066,0.06373,92.76,1527,LOW,EV USE
BX0004,LFP,556,3.673,0.791,22.24,78.28,0.5,2.0,2.3205,0.06349,92.31,1445,LOW,EV USE
BX0004,LFP,575,3.646,2.451,25.15,45.89,2.0,2.5,2.3275,0.06341,93.17,1431,LOW,EV USE
BX0004,LFP,593,3.633,3.274,28.66,38.71,0.5,1.5,2.2794,0.06788,91.52,1467,LOW,EV USE
BX0004,LFP,611,3.683,0.478,28.03,97.05,2.0,2.0,2.2953,0.06037,92.23,1375,LOW,EV USE
BX0004,LFP,630,3.641,1.489,28.46,53.04,1.0,1.5,2.306,0.06486,91.65,1383,LOW,EV USE
BX0004,LFP,648,3.64,2.758,31.0,53.7,1.0,0.5,2.2627,0.06824,90.86,1354,LOW,EV USE
BX0004,LFP,666,3.6,2.491,26.79,54.48,1.5,0.5,2.2785,0.07157,91.06,1401,LOW,EV USE
BX0004,LFP,685,3.653,3.044,27.35,38.11,2.0,0.5,2.2807,0.06805,91.31,1386,LOW,EV USE
BX0004,LFP,703,3.654,3.259,29.89,30.7,1.0,1.5,2.2297,0.07045,90.17,1396,LOW,EV USE
BX0004,LFP,721,3.649,2.154,30.06,71.22,1.0,2.5,2.2508,0.06907,89.86,1347,LOW,SECOND-LIFE STORAGE
BX0004,LFP,740,3.594,1.307,26.37,49.74,2.0,1.5,2.2595,0.07085,89.63,1269,LOW,SECOND-LIFE STORAGE
BX0004,LFP,758,3.635,2.321,29.78,39.54,1.0,1.0,2.273,0.06756,90.1,1375,LOW,EV USE
BX0004,LFP,776,3.694,1.475,26.57,60.07,2.0,1.5,2.2372,0.07744,89.18,1258,LOW,SECOND-LIFE STORAGE
BX0004,LFP,795,3.625,3.311,30.37,96.74,1.5,0.5,2.2105,0.07354,88.81,1242,LOW,SECOND-LIFE STORAGE
BX0004,LFP,813,3.593,3.231,26.98,52.25,1.5,1.5,2.2156,0.07059,89.1,1261,LOW,SECOND-LIFE STORAGE
BX0004,LFP,831,3.611,2.623,28.84,35.71,2.0,2.0,2.2002,0.07785,88.17,1247,LOW,SECOND-LIFE STORAGE
BX0004,LFP,850,3.663,1.461,26.32,30.32,1.0,2.5,2.2039,0.07174,88.69,1185,LOW,SECOND-LIFE STORAGE
BX0004,LFP,868,3.585,2.248,24.59,39.9,0.5,1.0,2.2207,0.07534,88.01,1168,LOW,SECOND-LIFE STORAGE
BX0004,LFP,886,3.661,3.288,28.04,69.67,1.5,1.5,2.2022,0.07858,88.04,1203,LOW,SECOND-LIFE STORAGE
BX0004,LFP,905,3.589,0.635,25.15,23.2,1.0,2.5,2.1744,0.07764,87.96,1131,LOW,SECOND-LIFE STORAGE
BX0004,LFP,923,3.663,3.077,31.89,66.21,0.5,1.5,2.1773,0.07924,87.2,1110,LOW,SECOND-LIFE STORAGE
BX0004,LFP,941,3.635,0.499,23.29,80.87,1.0,2.0,2.1929,0.07696,86.95,1130,LOW,SECOND-LIFE STORAGE
BX0004,LFP,960,3.643,3.183,30.39,72.17,1.5,2.5,2.1566,0.07657,86.49,1090,LOW,SECOND-LIFE STORAGE
BX0004,LFP,978,3.64,2.987,28.32,27.95,1.5,2.5,2.1544,0.08074,85.98,1058,LOW,SECOND-LIFE STORAGE
BX0004,LFP,996,3.601,0.452,28.59,31.95,1.5,0.5,2.1698,0.07724,86.58,1056,LOW,SECOND-LIFE STORAGE
BX0004,LFP,1015,3.667,2.32,27.1,69.3,1.0,2.5,2.1492,0.078,85.9,1022,LOW,SECOND-LIFE STORAGE
BX0004,LFP,1033,3.564,2.549,29.41,18.66,1.5,1.0,2.1158,0.08684,85.0,1035,MEDIUM,SECOND-LIFE STORAGE
BX0004,LFP,1051,3.584,0.728,30.09,36.19,1.0,2.5,2.1355,0.07852,85.22,931,LOW,SECOND-LIFE STORAGE
BX0004,LFP,1070,3.617,0.53,26.09,83.67,0.5,1.0,2.1082,0.08287,84.65,964,LOW,SECOND-LIFE STORAGE
BX0004,LFP,1088,3.674,1.083,27.64,94.52,0.5,1.5,2.0978,0.09043,83.76,981,MEDIUM,SECOND-LIFE STORAGE
BX0004,LFP,1106,3.648,2.44,24.55,89.17,0.5,1.0,2.0934,0.08247,84.02,929,LOW,SECOND-LIFE STORAGE
BX0004,LFP,1125,3.637,1.408,28.3,62.56,0.5,1.5,2.1099,0.08103,83.81,934,LOW,SECOND-LIFE STORAGE
BX0004,LFP,1143,3.623,3.47,29.39,37.07,1.5,0.5,2.0891,0.08848,84.13,890,MEDIUM,SECOND-LIFE STORAGE
BX0004,LFP,1162,3.618,3.243,32.38,56.24,2.0,0.5,2.0534,0.08884,82.43,894,MEDIUM,SECOND-LIFE STORAGE
BX0004,LFP,1180,3.639,0.562,29.84,81.81,1.0,1.5,2.0911,0.08467,83.23,831,LOW,SECOND-LIFE STORAGE
BX0004,LFP,1198,3.614,1.268,28.49,36.95,1.5,2.5,2.0669,0.08782,82.92,846,MEDIUM,SECOND-LIFE STORAGE
BX0004,LFP,1217,3.71,2.155,26.72,45.22,2.0,2.0,2.0628,0.09244,82.01,873,MEDIUM,SECOND-LIFE STORAGE
BX0004,LFP,1235,3.547,2.934,31.36,33.76,2.0,2.5,2.0609,0.08753,82.56,788,MEDIUM,SECOND-LIFE STORAGE
BX0004,LFP,1253,3.68,0.9,24.06,58.99,1.5,2.0,2.0058,0.09175,80.41,803,MEDIUM,SECOND-LIFE STORAGE
BX0004,LFP,1272,3.62,0.931,23.72,25.42,1.5,1.0,2.0581,0.0874,82.16,815,MEDIUM,SECOND-LIFE STORAGE
BX0004,LFP,1290,3.643,1.322,27.36,89.34,1.0,2.0,2.0197,0.09337,81.33,705,MEDIUM,SECOND-LIFE STORAGE
BX0004,LFP,1308,3.599,0.885,28.71,47.95,1.0,2.0,2.037,0.09476,81.23,783,MEDIUM,SECOND-LIFE STORAGE
BX0004,LFP,1327,3.627,3.085,32.73,62.96,1.0,1.5,2.005,0.09614,80.3,654,MEDIUM,SECOND-LIFE STORAGE
BX0004,LFP,1345,3.66,1.025,23.73,85.6,0.5,1.5,1.9642,0.09846,79.47,714,MEDIUM,SECOND-LIFE STORAGE
BX0004,LFP,1363,3.6,3.083,28.67,36.0,1.0,1.5,2.0165,0.09575,80.52,713,MEDIUM,SECOND-LIFE STORAGE
BX0004,LFP,1382,3.601,1.255,32.0,50.61,2.0,1.0,2.0253,0.09651,80.28,688,MEDIUM,SECOND-LIFE STORAGE
BX0004,LFP,1400,3.639,0.806,29.17,19.98,1.5,1.5,1.9717,0.09459,79.5,656,MEDIUM,SECOND-LIFE STORAGE
BX0004,LFP,1418,3.581,1.843,28.84,42.55,2.0,2.0,1.9782,0.10097,78.53,693,MEDIUM,SECOND-LIFE STORAGE
BX0004,LFP,1437,3.656,3.16,30.7,19.18,2.0,2.5,1.9479,0.10005,78.33,676,MEDIUM,SECOND-LIFE STORAGE
BX0004,LFP,1455,3.613,2.616,31.64,26.89,2.0,2.5,1.9506,0.1011,77.52,525,MEDIUM,SECOND-LIFE STORAGE
BX0004,LFP,1473,3.681,1.317,30.89,93.51,2.0,1.5,1.9519,0.10328,78.0,532,MEDIUM,SECOND-LIFE STORAGE
BX0004,LFP,1492,3.608,2.125,31.93,70.2,2.0,0.5,1.9384,0.09928,77.51,539,MEDIUM,SECOND-LIFE STORAGE
BX0004,LFP,1510,3.601,0.766,26.32,79.73,1.0,2.5,1.9275,0.10674,76.96,508,HIGH,SECOND-LIFE STORAGE
BX0004,LFP,1528,3.576,1.578,28.8,60.56,0.5,0.5,1.9323,0.1006,77.02,569,MEDIUM,SECOND-LIFE STORAGE
BX0004,LFP,1547,3.696,3.486,25.6,87.51,1.0,2.5,1.9058,0.10792,76.37,509,HIGH,SECOND-LIFE STORAGE
BX0004,LFP,1565,3.582,0.813,30.41,41.16,1.5,2.0,1.8796,0.10839,75.97,491,HIGH,SECOND-LIFE STORAGE
BX0004,LFP,1583,3.586,2.664,30.87,56.5,2.0,0.5,1.9255,0.10536,76.51,477,HIGH,SECOND-LIFE STORAGE
BX0004,LFP,1602,3.695,0.789,28.68,31.29,2.0,0.5,1.8659,0.10923,75.47,420,HIGH,SECOND-LIFE STORAGE
BX0004,LFP,1620,3.635,2.942,31.06,67.94,2.0,2.0,1.8753,0.1028,75.44,404,MEDIUM,SECOND-LIFE STORAGE
BX0004,LFP,1638,3.569,2.387,31.09,45.28,1.0,2.0,1.8676,0.11065,75.45,401,HIGH,SECOND-LIFE STORAGE
BX0004,LFP,1657,3.627,1.627,31.66,71.08,1.5,2.0,1.8724,0.10519,75.01,443,HIGH,SECOND-LIFE STORAGE
BX0004,LFP,1675,3.552,1.452,29.53,20.15,1.0,2.0,1.8499,0.10888,74.47,370,HIGH,RECYCLING / INSPECTION
BX0004,LFP,1693,3.616,1.77,26.26,69.75,1.5,0.5,1.8179,0.10696,73.52,358,HIGH,RECYCLING / INSPECTION
BX0004,LFP,1712,3.6,1.645,27.88,63.28,0.5,2.0,1.8506,0.11693,73.78,320,HIGH,RECYCLING / INSPECTION
BX0004,LFP,1730,3.687,2.189,32.36,87.37,1.0,2.0,1.8313,0.11667,73.6,295,HIGH,RECYCLING / INSPECTION
BX0004,LFP,1748,3.602,0.845,29.93,39.6,2.0,2.5,1.818,0.11198,73.1,256,HIGH,RECYCLING / INSPECTION
BX0004,LFP,1767,3.651,2.829,29.67,83.78,0.5,1.0,1.841,0.11861,72.93,274,HIGH,RECYCLING / INSPECTION
BX0004,LFP,1785,3.632,3.486,34.43,50.08,1.0,1.5,1.8076,0.11223,73.06,242,HIGH,RECYCLING / INSPECTION
BX0004,LFP,1803,3.623,0.475,29.69,65.66,1.0,2.5,1.8062,0.10936,72.42,194,HIGH,RECYCLING / INSPECTION
BX0004,LFP,1822,3.536,0.611,26.21,56.79,0.5,1.5,1.7729,0.11469,71.57,170,HIGH,RECYCLING / INSPECTION
BX0004,LFP,1840,3.678,2.172,31.01,66.93,2.0,1.5,1.7915,0.1134,71.38,224,HIGH,RECYCLING / INSPECTION
BX0005,NMC,25,3.661,1.986,27.33,48.02,1.5,1.0,2.4155,0.05891,96.88,2037,LOW,EV USE
BX0005,NMC,43,3.783,2.129,31.97,87.88,0.5,2.0,2.4111,0.06415,97.0,1984,LOW,EV USE
BX0055,NMC,62,3.753,3.467,29.69,44.73,1.0,2.5,2.4257,0.05685,96.64,2016,LOW,EV USE
BX0005,NMC,80,3.705,1.427,28.09,19.6,2.0,2.0,2.4088,0.05866,96.59,2045,LOW,EV USE
BX0005,NMC,99,3.737,0.756,27.28,94.94,2.0,1.0,2.4105,0.06176,96.39,1974,LOW,EV USE
BX0005,NMC,118,3.748,0.625,31.84,91.56,1.5,1.5,2.4289,0.05737,96.66,1910,LOW,EV USE
BX0005,NMC,136,3.762,3.432,26.4,49.0,1.0,2.0,2.4064,0.06082,96.23,1919,LOW,EV USE
BX0005,NMC,155,3.776,3.086,29.66,81.75,1.0,1.5,2.4137,0.06634,95.78,1906,LOW,EV USE
BX0005,NMC,173,3.661,2.362,32.43,19.91,0.5,0.5,2.413,0.06351,96.74,1967,LOW,EV USE
BX0005,NMC,192,3.756,2.226,26.06,73.16,1.5,0.5,2.3586,0.06858,94.87,1900,LOW,EV USE
BX0005,NMC,211,3.714,2.965,27.39,20.74,2.0,2.0,2.3809,0.06297,94.96,1804,LOW,EV USE
BX0005,NMC,229,3.723,1.991,31.16,31.25,2.0,2.5,2.3847,0.06472,94.8,1808,LOW,EV USE
BX0005,NMC,248,3.766,1.152,22.99,90.37,1.0,1.5,2.3729,0.06449,94.64,1804,LOW,EV USE
BX0005,NMC,266,3.786,1.663,25.75,60.69,2.0,0.5,2.3547,0.06663,94.81,1810,LOW,EV USE
BX0005,NMC,285,3.75,2.725,29.53,50.66,1.5,0.5,2.3789,0.06846,95.07,1818,LOW,EV USE
BX0005,NMC,304,3.819,2.223,25.8,61.08,2.0,1.5,2.3437,0.06613,94.06,1727,LOW,EV USE
BX0005,NMC,322,3.815,0.443,22.61,82.38,0.5,1.0,2.3399,0.06778,93.55,1793,LOW,EV USE
BX0005,NMC,341,3.744,3.491,32.11,92.33,2.0,1.5,2.358,0.06858,95.03,1768,LOW,EV USE
BX0005,NMC,359,3.732,1.95,27.04,86.31,2.0,0.5,2.3468,0.0681,93.66,1741,LOW,EV USE
BX0005,NMC,378,3.772,2.401,27.51,96.05,1.5,2.5,2.3429,0.06719,93.2,1710,LOW,EV USE
BX0005,NMC,397,3.742,2.482,29.4,25.85,1.0,1.5,2.3541,0.06904,93.66,1734,LOW,EV USE
BX0005,NMC,415,3.7,1.657,29.25,34.27,2.0,0.5,2.2982,0.07495,92.78,1637,LOW,EV USE
BX0005,NMC,434,3.708,1.907,25.27,20.18,2.0,2.0,2.3281,0.06607,93.46,1624,LOW,EV USE
BX0005,NMC,452,3.76,0.702,28.27,90.68,1.5,0.5,2.3375,0.06674,93.94,1653,LOW,EV USE
BX0005,NMC,471,3.716,0.949,24.46,20.29,2.0,2.5,2.3053,0.07228,91.87,1598,LOW,EV USE
BX0005,NMC,490,3.739,3.458,28.27,81.67,1.0,2.0,2.3001,0.07728,91.64,1590,LOW,EV USE
BX0005,NMC,508,3.796,1.075,25.95,94.64,0.5,1.0,2.3301,0.07433,92.56,1600,LOW,EV USE
BX0005,NMC,527,3.739,3.442,25.49,80.82,2.0,2.5,2.2855,0.07248,92.31,1463,LOW,EV USE
BX0005,NMC,545,3.765,0.62,28.43,42.07,1.5,1.5,2.2714,0.07267,91.06,1516,LOW,EV USE
BX0005,NMC,564,3.671,1.192,27.39,19.66,1.0,2.5,2.2937,0.07485,91.59,1514,LOW,EV USE
BX0005,NMC,583,3.661,3.094,24.16,52.46,0.5,2.5,2.2633,0.07633,90.59,1566,LOW,EV USE
BX0005,NMC,601,3.757,3.286,28.17,18.82,0.5,0.5,2.2817,0.0761,90.85,1501,LOW,EV USE
BX0005,NMC,620,3.699,1.698,27.43,31.95,1.0,1.5,2.2672,0.07628,90.75,1472,LOW,EV USE
BX0005,NMC,638,3.675,1.988,29.8,24.89,2.0,0.5,2.2517,0.07863,90.21,1384,LOW,EV USE
BX0005,NMC,657,3.736,1.777,26.98,43.32,1.5,1.0,2.2442,0.08373,89.61,1488,LOW,SECOND-LIFE STORAGE
BX0005,NMC,676,3.784,2.739,29.78,96.91,1.0,0.5,2.2558,0.08085,89.51,1341,LOW,SECOND-LIFE STORAGE
BX0005,NMC,694,3.704,2.965,28.23,43.0,1.5,1.5,2.2385,0.08421,88.91,1353,LOW,SECOND-LIFE STORAGE
BX0005,NMC,713,3.759,3.43,27.27,51.41,1.0,1.0,2.2181,0.08139,88.78,1389,LOW,SECOND-LIFE STORAGE
BX0005,NMC,732,3.73,3.239,27.16,85.08,0.5,2.0,2.2267,0.08623,88.6,1377,LOW,SECOND-LIFE STORAGE
BX0005,NMC,750,3.729,1.058,24.7,55.08,1.5,2.0,2.2309,0.08096,89.32,1324,LOW,SECOND-LIFE STORAGE
BX0005,NMC,769,3.739,2.573,32.5,64.15,2.0,0.5,2.2377,0.08339,88.31,1257,LOW,SECOND-LIFE STORAGE
BX0005,NMC,787,3.719,1.682,28.23,46.32,0.5,1.5,2.1941,0.08419,87.56,1283,LOW,SECOND-LIFE STORAGE
BX0005,NMC,806,3.717,1.462,28.15,79.34,1.0,0.5,2.192,0.08625,87.55,1285,MEDIUM,SECOND-LIFE STORAGE
BX0005,NMC,825,3.76,1.503,25.36,67.76,2.0,2.5,2.1997,0.08317,87.58,1211,LOW,SECOND-LIFE STORAGE
BX0005,NMC,843,3.782,2.393,27.37,39.89,1.5,1.5,2.1649,0.08708,86.75,1260,MEDIUM,SECOND-LIFE STORAGE
BX0005,NMC,862,3.685,2.004,23.43,46.39,2.0,1.0,2.1698,0.0838,86.5,1199,LOW,SECOND-LIFE STORAGE
BX0005,NMC,880,3.716,0.65,28.16,47.11,0.5,2.5,2.1597,0.08592,86.46,1166,MEDIUM,SECOND-LIFE STORAGE
BX0005,NMC,899,3.794,0.746,25.71,43.46,1.0,1.5,2.1679,0.09195,86.2,1232,MEDIUM,SECOND-LIFE STORAGE
BX0005,NMC,918,3.792,2.659,28.83,87.76,0.5,0.5,2.1288,0.08992,85.9,1099,MEDIUM,SECOND-LIFE STORAGE
BX0005,NMC,936,3.656,1.374,31.66,19.52,1.5,1.5,2.1423,0.09551,85.78,1138,MEDIUM,SECOND-LIFE STORAGE
BX0005,NMC,955,3.683,2.971,31.66,66.81,2.0,0.5,2.1263,0.08944,85.47,1136,MEDIUM,SECOND-LIFE STORAGE
BX0005,NMC,973,3.712,2.853,30.56,96.82,2.0,2.5,2.1316,0.09277,85.71,1138,MEDIUM,SECOND-LIFE STORAGE
BX0005,NMC,992,3.808,2.32,25.02,53.53,1.0,1.5,2.1383,0.09755,84.75,1073,MEDIUM,SECOND-LIFE STORAGE
BX0005,NMC,1011,3.646,0.729,27.06,46.58,1.0,2.0,2.1069,0.09311,84.72,1088,MEDIUM,SECOND-LIFE STORAGE
BX0005,NMC,1029,3.711,1.785,28.85,35.93,2.0,1.0,2.1183,0.0988,84.76,1033,MEDIUM,SECOND-LIFE STORAGE
BX0005,NMC,1048,3.779,2.688,26.02,26.48,2.0,2.0,2.0993,0.09356,84.02,1023,MEDIUM,SECOND-LIFE STORAGE
BX0005,NMC,1066,3.68,0.953,29.12,56.27,2.0,1.5,2.0655,0.09923,82.98,1044,MEDIUM,SECOND-LIFE STORAGE
BX0005,NMC,1085,3.717,0.964,27.13,85.35,1.5,2.5,2.0914,0.097,83.84,980,MEDIUM,SECOND-LIFE STORAGE
BX0005,NMC,1104,3.745,1.398,26.6,18.44,2.0,2.5,2.1101,0.09448,84.13,976,MEDIUM,SECOND-LIFE STORAGE
BX0005,NMC,1122,3.724,1.203,28.17,58.79,1.5,0.5,2.0771,0.09957,83.13,927,MEDIUM,SECOND-LIFE STORAGE
BX0005,NMC,1141,3.756,3.406,27.99,66.23,0.5,1.0,2.1021,0.09681,83.46,940,MEDIUM,SECOND-LIFE STORAGE
BX0005,NMC,1159,3.668,1.918,32.08,65.0,0.5,2.0,2.0469,0.10554,81.69,927,MEDIUM,SECOND-LIFE STORAGE
BX0005,NMC,1178,3.661,1.258,26.23,51.33,1.5,2.0,2.0486,0.10612,82.21,922,MEDIUM,SECOND-LIFE STORAGE
BX0005,NMC,1197,3.723,1.872,26.82,18.05,1.0,0.5,2.0511,0.10582,81.65,869,MEDIUM,SECOND-LIFE STORAGE
BX0005,NMC,1215,3.71,0.957,25.02,42.99,0.5,1.5,2.0292,0.1074,81.09,797,MEDIUM,SECOND-LIFE STORAGE
BX0005,NMC,1234,3.693,1.192,27.59,24.48,1.0,1.0,2.0435,0.10666,81.36,879,MEDIUM,SECOND-LIFE STORAGE
BX0005,NMC,1252,3.749,2.629,25.51,46.78,1.0,1.0,2.033,0.09996,81.4,824,MEDIUM,SECOND-LIFE STORAGE
BX0005,NMC,1271,3.764,2.427,30.2,43.73,1.0,2.0,1.9982,0.10905,80.33,749,MEDIUM,SECOND-LIFE STORAGE
BX0005,NMC,1290,3.733,2.003,35.06,38.62,1.0,1.5,1.9804,0.10955,79.89,814,HIGH,SECOND-LIFE STORAGE
BX0005,NMC,1308,3.672,2.097,28.72,29.27,2.0,1.5,1.9784,0.10643,79.53,742,HIGH,SECOND-LIFE STORAGE
BX0005,NMC,1327,3.77,3.068,31.19,59.22,2.0,2.0,1.9856,0.10914,79.62,736,HIGH,SECOND-LIFE STORAGE
BX0005,NMC,1345,3.775,1.242,28.54,74.7,2.0,2.0,1.9798,0.10687,79.0,713,HIGH,SECOND-LIFE STORAGE
BX0005,NMC,1364,3.712,1.1,26.5,54.36,0.5,2.5,1.9714,0.11353,78.35,714,HIGH,SECOND-LIFE STORAGE
BX0005,NMC,1383,3.734,1.719,28.02,78.83,0.5,2.0,1.9497,0.11225,78.04,693,HIGH,SECOND-LIFE STORAGE
BX0005,NMC,1401,3.684,2.972,30.43,47.2,1.0,2.0,1.9686,0.11285,78.85,723,HIGH,SECOND-LIFE STORAGE
BX0005,NMC,1420,3.734,0.501,27.85,97.79,0.5,1.5,1.9412,0.1165,77.38,617,HIGH,SECOND-LIFE STORAGE
BX0005,NMC,1439,3.772,1.141,27.37,48.63,0.5,1.0,1.9243,0.11476,77.28,681,HIGH,SECOND-LIFE STORAGE
BX0005,NMC,1457,3.721,1.917,31.03,64.22,2.0,1.0,1.956,0.11143,77.44,598,HIGH,SECOND-LIFE STORAGE
BX0005,NMC,1476,3.82,3.083,31.32,94.18,1.0,0.5,1.8975,0.11506,76.58,626,HIGH,SECOND-LIFE STORAGE
BX0005,NMC,1494,3.735,1.195,27.38,63.58,1.5,1.5,1.922,0.11489,77.17,630,HIGH,SECOND-LIFE STORAGE
BX0005,NMC,1513,3.754,2.624,28.87,59.5,1.0,2.0,1.9222,0.11083,76.87,558,HIGH,SECOND-LIFE STORAGE
BX0005,NMC,1532,3.782,1.723,29.83,97.74,1.0,2.5,1.9168,0.11857,76.75,555,HIGH,SECOND-LIFE STORAGE
BX0005,NMC,1550,3.737,2.307,29.76,69.02,2.0,2.0,1.8633,0.12369,75.32,478,HIGH,SECOND-LIFE STORAGE
BX0005,NMC,1569,3.658,0.563,27.15,42.33,1.5,2.0,1.8919,0.11895,75.89,493,HIGH,SECOND-LIFE STORAGE
BX0005,NMC,1587,3.721,0.546,29.08,21.57,1.5,1.5,1.9011,0.12426,75.15,482,HIGH,SECOND-LIFE STORAGE
BX0005,NMC,1606,3.762,1.607,23.6,54.59,1.5,2.0,1.8758,0.12495,74.91,413,HIGH,RECYCLING / INSPECTION
BX0005,NMC,1625,3.681,1.655,30.43,38.16,1.5,0.5,1.8358,0.12125,73.61,454,HIGH,RECYCLING / INSPECTION
BX0005,NMC,1643,3.725,1.34,26.19,22.22,1.5,0.5,1.8232,0.12129,74.3,366,HIGH,RECYCLING / INSPECTION
BX0005,NMC,1662,3.806,2.673,26.71,72.51,2.0,2.5,1.8402,0.12455,73.6,492,HIGH,RECYCLING / INSPECTION
BX0005,NMC,1680,3.702,2.471,28.77,22.52,1.5,1.5,1.833,0.12521,73.39,320,HIGH,RECYCLING / INSPECTION
BX0005,NMC,1699,3.689,0.845,26.51,34.59,1.0,1.0,1.8294,0.12671,73.65,358,HIGH,RECYCLING / INSPECTION
BX0005,NMC,1718,3.681,3.27,32.22,52.36,2.0,1.5,1.8453,0.12565,73.19,412,HIGH,RECYCLING / INSPECTION
BX0005,NMC,1736,3.764,1.775,28.66,95.23,1.0,2.0,1.8185,0.12932,72.88,268,HIGH,RECYCLING / INSPECTION
BX0005,NMC,1755,3.741,0.549,28.44,77.03,1.0,2.0,1.7952,0.12939,71.93,325,HIGH,RECYCLING / INSPECTION
BX0005,NMC,1773,3.794,1.149,25.31,96.62,2.0,1.5,1.7977,0.13585,71.73,335,HIGH,RECYCLING / INSPECTION
BX0005,NMC,1792,3.732,1.054,27.09,76.39,1.5,1.5,1.7812,0.13152,71.54,324,HIGH,RECYCLING / INSPECTION
BX0005,NMC,1811,3.692,1.14,28.92,39.05,1.0,0.5,1.7722,0.12829,71.62,215,HIGH,RECYCLING / INSPECTION
BX0005,NMC,1829,3.71,2.88,30.67,94.24,2.0,0.5,1.7474,0.13482,70.49,214,HIGH,RECYCLING / INSPECTION
BX0005,NMC,1848,3.738,1.37,31.21,72.04,0.5,2.5,1.7704,0.13267,70.63,214,HIGH,RECYCLING / INSPECTION
BX0005,NMC,1866,3.689,2.916,32.63,40.24,2.0,2.5,1.7217,0.14001,69.31,145,HIGH,RECYCLING / INSPECTION
